rule,query_time,database_time,compile_time
all,33.73888077400625,13.531426591100171,45.550681933993474
conditional_without_measurement,5.1691554200369865,13.531426591100171,22.73062592605129
unmanipulated_qubits,6.737307201139629,13.531426591100171,23.331783316098154
double_measurement,12.507207987830043,13.531426591100171,25.256957958219573
operation_after_measurement,12.447379914810881,13.531426591100171,23.968480427050963
oversized_circuit,6.300357145955786,13.531426591100171,22.886651291977614
unmeasurable_qubits,5.357275845017284,13.531426591100171,21.54120996198617
