rule,query_time,database_time,compile_time
all,1.2103021431248635,0.4864371500443667,6.036421332973987
